<!-- 
cmsmasters_package: Be Clean
cmsmasters_version: 1.0.0
-->
<wpml-config>
    <admin-texts>
        <key name="cmsmasters_options_be-clean_header">
            <key name="be-clean_header_top_line_short_info" />
            <key name="be-clean_header_top_line_donations_but_text" />
            <key name="be-clean_header_donations_but_text" />
            <key name="be-clean_header_add_cont_cust_html" />
        </key>
		<key name="cmsmasters_options_be-clean_footer">
            <key name="be-clean_footer_html" />
            <key name="be-clean_footer_copyright" />
        </key>
		<key name="cmsmasters_options_be-clean_single_project">
            <key name="be-clean_portfolio_project_details_title" />
        </key>
		<key name="cmsmasters_options_be-clean_single_profile">
            <key name="be-clean_profile_post_details_title" />
        </key>
    </admin-texts>
</wpml-config>


